peptide,HLA_site,HLA,,label
ISEYRHYCY,HLA-A*01:01,YFAMYQENMAHTDANTLYIIYRDYTWVARVYRGY,,1
HGDTPTLHEY,HLA-A*01:01,YFAMYQENMAHTDANTLYIIYRDYTWVARVYRGY,,1
DLQPETTDLY,HLA-A*01:01,YFAMYQENMAHTDANTLYIIYRDYTWVARVYRGY,,1
AVCDKCLKFY,HLA-A*01:01,YFAMYQENMAHTDANTLYIIYRDYTWVARVYRGY,,1
LKFYSKISEY,HLA-A*01:01,YFAMYQENMAHTDANTLYIIYRDYTWVARVYRGY,,1
ETTDLYCY,HLA-A*01:01,YFAMYQENMAHTDANTLYIIYRDYTWVARVYRGY,,1
GTTLEQQY,HLA-A*01:01,YFAMYQENMAHTDANTLYIIYRDYTWVARVYRGY,,1
CTELQTTIH,HLA-A*01:01,YFAMYQENMAHTDANTLYIIYRDYTWVARVYRGY,,1
KISEYRHYCY,HLA-A*01:01,YFAMYQENMAHTDANTLYIIYRDYTWVARVYRGY,,1
DTPTLHEY,HLA-A*01:01,YFAMYQENMAHTDANTLYIIYRDYTWVARVYRGY,,1
SEYRHYCYSLY,HLA-A*01:01,YFAMYQENMAHTDANTLYIIYRDYTWVARVYRGY,,1
YAVCDKCLKFY,HLA-A*01:01,YFAMYQENMAHTDANTLYIIYRDYTWVARVYRGY,,1
SKISEYRHYCY,HLA-A*01:01,YFAMYQENMAHTDANTLYIIYRDYTWVARVYRGY,,1
TTDLYCYEQLN,HLA-A*01:01,YFAMYQENMAHTDANTLYIIYRDYTWVARVYRGY,,1
TTDLYCYEQ,HLA-A*01:01,YFAMYQENMAHTDANTLYIIYRDYTWVARVYRGY,,1
LMGTLGIVCPI,HLA-A*02:01,YFAMYGEKVAHTHVDTLYVRYHYYTWAVLAYTWY,,1
LLMGTLGIVC,HLA-A*02:01,YFAMYGEKVAHTHVDTLYVRYHYYTWAVLAYTWY,,1
TLGIVCPI,HLA-A*02:01,YFAMYGEKVAHTHVDTLYVRYHYYTWAVLAYTWY,,1
YMLDLQPET,HLA-A*02:01,YFAMYGEKVAHTHVDTLYVRYHYYTWAVLAYTWY,,1
GTLGIVCPI,HLA-A*02:01,YFAMYGEKVAHTHVDTLYVRYHYYTWAVLAYTWY,,1
MGTLGIVCPI,HLA-A*02:01,YFAMYGEKVAHTHVDTLYVRYHYYTWAVLAYTWY,,1
YMLDLQPETT,HLA-A*02:01,YFAMYGEKVAHTHVDTLYVRYHYYTWAVLAYTWY,,1
YMLDLQPETTD,HLA-A*02:01,YFAMYGEKVAHTHVDTLYVRYHYYTWAVLAYTWY,,1
TTIHEIILECV,HLA-A*02:01,YFAMYGEKVAHTHVDTLYVRYHYYTWAVLAYTWY,,1
TLHEYMLDL,HLA-A*02:01,YFAMYGEKVAHTHVDTLYVRYHYYTWAVLAYTWY,,1
RTLEDLLMGTL,HLA-A*02:01,YFAMYGEKVAHTHVDTLYVRYHYYTWAVLAYTWY,,1
FQDPQERPI,HLA-A*02:01,YFAMYGEKVAHTHVDTLYVRYHYYTWAVLAYTWY,,1
LLMGTLGIV,HLA-A*02:01,YFAMYGEKVAHTHVDTLYVRYHYYTWAVLAYTWY,,1
MLDLQPETT,HLA-A*02:01,YFAMYGEKVAHTHVDTLYVRYHYYTWAVLAYTWY,,1
KLPDLCTELQT,HLA-A*02:01,YFAMYGEKVAHTHVDTLYVRYHYYTWAVLAYTWY,,1
TIHDIILECV,HLA-A*02:01,YFAMYGEKVAHTHVDTLYVRYHYYTWAVLAYTWY,,1
FAFRDLCIV,HLA-A*02:01,YFAMYGEKVAHTHVDTLYVRYHYYTWAVLAYTWY,,1
TIHEIILECV,HLA-A*02:01,YFAMYGEKVAHTHVDTLYVRYHYYTWAVLAYTWY,,1
TIHEIRLECV,HLA-A*02:01,YFAMYGEKVAHTHVDTLYVRYHYYTWAVLAYTWY,,1
KLPDLCTEL,HLA-A*02:01,YFAMYGEKVAHTHVDTLYVRYHYYTWAVLAYTWY,,1
YMLDLQPE,HLA-A*02:01,YFAMYGEKVAHTHVDTLYVRYHYYTWAVLAYTWY,,1
KLPQLCTEL,HLA-A*02:01,YFAMYGEKVAHTHVDTLYVRYHYYTWAVLAYTWY,,1
EDLLMGTLGIV,HLA-A*02:01,YFAMYGEKVAHTHVDTLYVRYHYYTWAVLAYTWY,,1
ELQTTIHEI,HLA-A*02:01,YFAMYGEKVAHTHVDTLYVRYHYYTWAVLAYTWY,,1
TLHEYMLDLQP,HLA-A*02:01,YFAMYGEKVAHTHVDTLYVRYHYYTWAVLAYTWY,,1
FQDPQERPIKL,HLA-A*02:01,YFAMYGEKVAHTHVDTLYVRYHYYTWAVLAYTWY,,1
YRYYCYSL,HLA-A*02:01,YFAMYGEKVAHTHVDTLYVRYHYYTWAVLAYTWY,,1
TTIHEIRLECV,HLA-A*02:01,YFAMYGEKVAHTHVDTLYVRYHYYTWAVLAYTWY,,1
IRTLEDLLMGT,HLA-A*02:01,YFAMYGEKVAHTHVDTLYVRYHYYTWAVLAYTWY,,1
LLMGTLGIVCP,HLA-A*02:01,YFAMYGEKVAHTHVDTLYVRYHYYTWAVLAYTWY,,1
YRYYCYSV,HLA-A*02:01,YFAMYGEKVAHTHVDTLYVRYHYYTWAVLAYTWY,,1
KLPQLCTELQT,HLA-A*02:01,YFAMYGEKVAHTHVDTLYVRYHYYTWAVLAYTWY,,1
RYYCYSLYGT,HLA-A*02:01,YFAMYGEKVAHTHVDTLYVRYHYYTWAVLAYTWY,,1
TTIHDIILECV,HLA-A*02:01,YFAMYGEKVAHTHVDTLYVRYHYYTWAVLAYTWY,,1
ELQTTIHDI,HLA-A*02:01,YFAMYGEKVAHTHVDTLYVRYHYYTWAVLAYTWY,,1
RLCVQSTHV,HLA-A*02:01,YFAMYGEKVAHTHVDTLYVRYHYYTWAVLAYTWY,,1
DLLMGTLGIVC,HLA-A*02:01,YFAMYGEKVAHTHVDTLYVRYHYYTWAVLAYTWY,,1
ILECVYCKQQL,HLA-A*02:01,YFAMYGEKVAHTHVDTLYVRYHYYTWAVLAYTWY,,1
KISEYRHYC,HLA-A*02:01,YFAMYGEKVAHTHVDTLYVRYHYYTWAVLAYTWY,,1
DLLMGTLGIV,HLA-A*02:01,YFAMYGEKVAHTHVDTLYVRYHYYTWAVLAYTWY,,1
SEYRYYCYSV,HLA-A*02:01,YFAMYGEKVAHTHVDTLYVRYHYYTWAVLAYTWY,,1
MLDLQPET,HLA-A*02:01,YFAMYGEKVAHTHVDTLYVRYHYYTWAVLAYTWY,,1
KISEYRYYCYS,HLA-A*02:01,YFAMYGEKVAHTHVDTLYVRYHYYTWAVLAYTWY,,1
TLGIVCPIC,HLA-A*02:01,YFAMYGEKVAHTHVDTLYVRYHYYTWAVLAYTWY,,1
SEYRYYCYSL,HLA-A*02:01,YFAMYGEKVAHTHVDTLYVRYHYYTWAVLAYTWY,,1
RTLEDLLMGT,HLA-A*02:01,YFAMYGEKVAHTHVDTLYVRYHYYTWAVLAYTWY,,1
RCINCQKPLCP,HLA-A*03:01,YFAMYQENVAQTDVDTLYIIYRDYTWAELAYTWY,,1
RHYCYSVYGTT,HLA-A*03:01,YFAMYQENVAQTDVDTLYIIYRDYTWAELAYTWY,,1
LLIRCINCQK,HLA-A*03:01,YFAMYQENVAQTDVDTLYIIYRDYTWAELAYTWY,,1
KCLKFYSKI,HLA-A*03:01,YFAMYQENVAQTDVDTLYIIYRDYTWAELAYTWY,,1
IVCPICSQK,HLA-A*03:01,YFAMYQENVAQTDVDTLYIIYRDYTWAELAYTWY,,1
SLYGTTLEQQY,HLA-A*03:01,YFAMYQENVAQTDVDTLYIIYRDYTWAELAYTWY,,1
LIRCINCQK,HLA-A*03:01,YFAMYQENVAQTDVDTLYIIYRDYTWAELAYTWY,,1
GIVCPICSQK,HLA-A*03:01,YFAMYQENVAQTDVDTLYIIYRDYTWAELAYTWY,,1
AVCDKCLKFY,HLA-A*03:01,YFAMYQENVAQTDVDTLYIIYRDYTWAELAYTWY,,1
IILECVYCK,HLA-A*03:01,YFAMYQENVAQTDVDTLYIIYRDYTWAELAYTWY,,1
KFYSKISEYR,HLA-A*03:01,YFAMYQENVAQTDVDTLYIIYRDYTWAELAYTWY,,1
IVYRDGNPY,HLA-A*03:01,YFAMYQENVAQTDVDTLYIIYRDYTWAELAYTWY,,1
TTLEQQYNK,HLA-A*03:01,YFAMYQENVAQTDVDTLYIIYRDYTWAELAYTWY,,1
GTTLEQQYNK,HLA-A*03:01,YFAMYQENVAQTDVDTLYIIYRDYTWAELAYTWY,,1
KQRFHNIRGR,HLA-A*03:01,YFAMYQENVAQTDVDTLYIIYRDYTWAELAYTWY,,1
HLDKKQRFH,HLA-A*03:01,YFAMYQENVAQTDVDTLYIIYRDYTWAELAYTWY,,1
CVYCKQQLLR,HLA-A*03:01,YFAMYQENVAQTDVDTLYIIYRDYTWAELAYTWY,,1
AVCDKCLK,HLA-A*03:01,YFAMYQENVAQTDVDTLYIIYRDYTWAELAYTWY,,1
KFYSKISEY,HLA-A*03:01,YFAMYQENVAQTDVDTLYIIYRDYTWAELAYTWY,,1
RHYCYSLY,HLA-A*03:01,YFAMYQENVAQTDVDTLYIIYRDYTWAELAYTWY,,1
MFQDPQERPRK,HLA-A*03:01,YFAMYQENVAQTDVDTLYIIYRDYTWAELAYTWY,,1
LLIRCINCQK,HLA-A*11:01,YYAMYQENVAQTDVDTLYIIYRDYTWAAQAYRWY,,1
GIVCPICSQK,HLA-A*11:01,YYAMYQENVAQTDVDTLYIIYRDYTWAAQAYRWY,,1
FAFRDLCIVYR,HLA-A*11:01,YYAMYQENVAQTDVDTLYIIYRDYTWAAQAYRWY,,1
IVCPICSQK,HLA-A*11:01,YYAMYQENVAQTDVDTLYIIYRDYTWAAQAYRWY,,1
TTLEQQYNK,HLA-A*11:01,YYAMYQENVAQTDVDTLYIIYRDYTWAAQAYRWY,,1
AVCDKCLKFY,HLA-A*11:01,YYAMYQENVAQTDVDTLYIIYRDYTWAAQAYRWY,,1
IILECVYCK,HLA-A*11:01,YYAMYQENVAQTDVDTLYIIYRDYTWAAQAYRWY,,1
FQDPQERPRK,HLA-A*11:01,YYAMYQENVAQTDVDTLYIIYRDYTWAAQAYRWY,,1
LIRCINCQK,HLA-A*11:01,YYAMYQENVAQTDVDTLYIIYRDYTWAAQAYRWY,,1
GTTLEQQYNK,HLA-A*11:01,YYAMYQENVAQTDVDTLYIIYRDYTWAAQAYRWY,,1
TLEQQYNK,HLA-A*11:01,YYAMYQENVAQTDVDTLYIIYRDYTWAAQAYRWY,,1
DIILECVYCK,HLA-A*11:01,YYAMYQENVAQTDVDTLYIIYRDYTWAAQAYRWY,,1
HDIILECVYCK,HLA-A*11:01,YYAMYQENVAQTDVDTLYIIYRDYTWAAQAYRWY,,1
LGIVCPICSQK,HLA-A*11:01,YYAMYQENVAQTDVDTLYIIYRDYTWAAQAYRWY,,1
ILECVYCK,HLA-A*11:01,YYAMYQENVAQTDVDTLYIIYRDYTWAAQAYRWY,,1
HEIILECVYCK,HLA-A*11:01,YYAMYQENVAQTDVDTLYIIYRDYTWAAQAYRWY,,1
EIILECVYCK,HLA-A*11:01,YYAMYQENVAQTDVDTLYIIYRDYTWAAQAYRWY,,1
AVCDKCLK,HLA-A*11:01,YYAMYQENVAQTDVDTLYIIYRDYTWAAQAYRWY,,1
YAVCDKCLK,HLA-A*11:01,YYAMYQENVAQTDVDTLYIIYRDYTWAAQAYRWY,,1
HEIRLECVYCK,HLA-A*11:01,YYAMYQENVAQTDVDTLYIIYRDYTWAAQAYRWY,,1
RCMSCCRSSR,HLA-A*11:01,YYAMYQENVAQTDVDTLYIIYRDYTWAAQAYRWY,,1
AVCDKCLKFYS,HLA-A*11:01,YYAMYQENVAQTDVDTLYIIYRDYTWAAQAYRWY,,1
YNIVTFCCK,HLA-A*11:01,YYAMYQENVAQTDVDTLYIIYRDYTWAAQAYRWY,,1
DLLIRCINCQK,HLA-A*11:01,YYAMYQENVAQTDVDTLYIIYRDYTWAAQAYRWY,,1
NIVTFCCK,HLA-A*11:01,YYAMYQENVAQTDVDTLYIIYRDYTWAAQAYRWY,,1
PYAVCDKCLK,HLA-A*11:01,YYAMYQENVAQTDVDTLYIIYRDYTWAAQAYRWY,,1
RLECVYCK,HLA-A*11:01,YYAMYQENVAQTDVDTLYIIYRDYTWAAQAYRWY,,1
IVYRDGNPY,HLA-A*11:01,YYAMYQENVAQTDVDTLYIIYRDYTWAAQAYRWY,,1
NPYAVCDKCLK,HLA-A*11:01,YYAMYQENVAQTDVDTLYIIYRDYTWAAQAYRWY,,1
TFCCKCDFTLR,HLA-A*11:01,YYAMYQENVAQTDVDTLYIIYRDYTWAAQAYRWY,,1
EVYDFAFR,HLA-A*11:01,YYAMYQENVAQTDVDTLYIIYRDYTWAAQAYRWY,,1
AHYNIVTFCCK,HLA-A*11:01,YYAMYQENVAQTDVDTLYIIYRDYTWAAQAYRWY,,1
CVYCKQQLLR,HLA-A*11:01,YYAMYQENVAQTDVDTLYIIYRDYTWAAQAYRWY,,1
YAVCDKCLKFY,HLA-A*11:01,YYAMYQENVAQTDVDTLYIIYRDYTWAAQAYRWY,,1
YGTTLEQQYNK,HLA-A*11:01,YYAMYQENVAQTDVDTLYIIYRDYTWAAQAYRWY,,1
AVCDKCLKF,HLA-A*11:01,YYAMYQENVAQTDVDTLYIIYRDYTWAAQAYRWY,,1
AFRDLCIVYR,HLA-A*11:01,YYAMYQENVAQTDVDTLYIIYRDYTWAAQAYRWY,,1
KISEYRHYCY,HLA-A*11:01,YYAMYQENVAQTDVDTLYIIYRDYTWAAQAYRWY,,1
VCDKCLKFYSK,HLA-A*11:01,YYAMYQENVAQTDVDTLYIIYRDYTWAAQAYRWY,,1
ISEYRHYCY,HLA-A*11:01,YYAMYQENVAQTDVDTLYIIYRDYTWAAQAYRWY,,1
WTGRCMSCCR,HLA-A*11:01,YYAMYQENVAQTDVDTLYIIYRDYTWAAQAYRWY,,1
YCYSVYGTTL,HLA-A*24:02,YSAMYEEKVAHTDENIAYLMFHYYTWAVQAYTGY,,1
HYCYSLYGTTL,HLA-A*24:02,YSAMYEEKVAHTDENIAYLMFHYYTWAVQAYTGY,,1
CYSLYGTTL,HLA-A*24:02,YSAMYEEKVAHTDENIAYLMFHYYTWAVQAYTGY,,1
VYDFAFRDL,HLA-A*24:02,YSAMYEEKVAHTDENIAYLMFHYYTWAVQAYTGY,,1
TFCCKCDFTL,HLA-A*24:02,YSAMYEEKVAHTDENIAYLMFHYYTWAVQAYTGY,,1
RAHYNIVTF,HLA-A*24:02,YSAMYEEKVAHTDENIAYLMFHYYTWAVQAYTGY,,1
CYSVYGTTL,HLA-A*24:02,YSAMYEEKVAHTDENIAYLMFHYYTWAVQAYTGY,,1
EYRHYCYSL,HLA-A*24:02,YSAMYEEKVAHTDENIAYLMFHYYTWAVQAYTGY,,1
VYDFAFRDLCI,HLA-A*24:02,YSAMYEEKVAHTDENIAYLMFHYYTWAVQAYTGY,,1
PYAVCDKCLKF,HLA-A*24:02,YSAMYEEKVAHTDENIAYLMFHYYTWAVQAYTGY,,1
QYNKPLCDLL,HLA-A*24:02,YSAMYEEKVAHTDENIAYLMFHYYTWAVQAYTGY,,1
QYNKPLCDLLI,HLA-A*24:02,YSAMYEEKVAHTDENIAYLMFHYYTWAVQAYTGY,,1
TFCCKCDSTL,HLA-A*24:02,YSAMYEEKVAHTDENIAYLMFHYYTWAVQAYTGY,,1
VYGTTLEQQY,HLA-A*24:02,YSAMYEEKVAHTDENIAYLMFHYYTWAVQAYTGY,,1
KLPQLCTEL,HLA-A*24:02,YSAMYEEKVAHTDENIAYLMFHYYTWAVQAYTGY,,1
VYRDGNPYAV,HLA-A*24:02,YSAMYEEKVAHTDENIAYLMFHYYTWAVQAYTGY,,1
TFCCKCDF,HLA-A*24:02,YSAMYEEKVAHTDENIAYLMFHYYTWAVQAYTGY,,1
VYRDGNPYGV,HLA-A*24:02,YSAMYEEKVAHTDENIAYLMFHYYTWAVQAYTGY,,1
YAVCDKCLKF,HLA-A*24:02,YSAMYEEKVAHTDENIAYLMFHYYTWAVQAYTGY,,1
DRAHYNIVTF,HLA-A*24:02,YSAMYEEKVAHTDENIAYLMFHYYTWAVQAYTGY,,1
LQTTIHDII,HLA-A*24:02,YSAMYEEKVAHTDENIAYLMFHYYTWAVQAYTGY,,1
EYRHYCYSLY,HLA-A*24:02,YSAMYEEKVAHTDENIAYLMFHYYTWAVQAYTGY,,1
LQTTIHEII,HLA-A*24:02,YSAMYEEKVAHTDENIAYLMFHYYTWAVQAYTGY,,1
PYAVCDKCL,HLA-A*24:02,YSAMYEEKVAHTDENIAYLMFHYYTWAVQAYTGY,,1
AHYNIVTF,HLA-A*24:02,YSAMYEEKVAHTDENIAYLMFHYYTWAVQAYTGY,,1
QYNKPLCDL,HLA-A*24:02,YSAMYEEKVAHTDENIAYLMFHYYTWAVQAYTGY,,1
DFAFRDLCI,HLA-A*24:02,YSAMYEEKVAHTDENIAYLMFHYYTWAVQAYTGY,,1
YSLYGTTL,HLA-A*24:02,YSAMYEEKVAHTDENIAYLMFHYYTWAVQAYTGY,,1
FYSKISEY,HLA-A*24:02,YSAMYEEKVAHTDENIAYLMFHYYTWAVQAYTGY,,1
VYCKQQLL,HLA-A*24:02,YSAMYEEKVAHTDENIAYLMFHYYTWAVQAYTGY,,1
LLRREVYDFAF,HLA-A*24:02,YSAMYEEKVAHTDENIAYLMFHYYTWAVQAYTGY,,1
VYDFAFRDLC,HLA-A*24:02,YSAMYEEKVAHTDENIAYLMFHYYTWAVQAYTGY,,1
EVYDFAFRDL,HLA-A*24:02,YSAMYEEKVAHTDENIAYLMFHYYTWAVQAYTGY,,1
FYSKISEYRH,HLA-A*24:02,YSAMYEEKVAHTDENIAYLMFHYYTWAVQAYTGY,,1
LYGTTLEQQY,HLA-A*24:02,YSAMYEEKVAHTDENIAYLMFHYYTWAVQAYTGY,,1
PDRAHYNIVTF,HLA-A*24:02,YSAMYEEKVAHTDENIAYLMFHYYTWAVQAYTGY,,1
HYNIVTFCC,HLA-A*24:02,YSAMYEEKVAHTDENIAYLMFHYYTWAVQAYTGY,,1
CYSLYGTTLE,HLA-A*24:02,YSAMYEEKVAHTDENIAYLMFHYYTWAVQAYTGY,,1
KCLKFYSKI,HLA-A*24:02,YSAMYEEKVAHTDENIAYLMFHYYTWAVQAYTGY,,1
LECVYCKQQL,HLA-A*24:02,YSAMYEEKVAHTDENIAYLMFHYYTWAVQAYTGY,,1
EYRHYCYSV,HLA-A*24:02,YSAMYEEKVAHTDENIAYLMFHYYTWAVQAYTGY,,1
FYSKISEYRHY,HLA-A*24:02,YSAMYEEKVAHTDENIAYLMFHYYTWAVQAYTGY,,1
PYAVCDKCLK,HLA-A*24:02,YSAMYEEKVAHTDENIAYLMFHYYTWAVQAYTGY,,1
YDFAFRDLCI,HLA-A*24:02,YSAMYEEKVAHTDENIAYLMFHYYTWAVQAYTGY,,1
SEYRHYCYSL,HLA-A*24:02,YSAMYEEKVAHTDENIAYLMFHYYTWAVQAYTGY,,1
HYNIVTFC,HLA-A*24:02,YSAMYEEKVAHTDENIAYLMFHYYTWAVQAYTGY,,1
VYCKQQLLRR,HLA-A*24:02,YSAMYEEKVAHTDENIAYLMFHYYTWAVQAYTGY,,1
REVYDFAF,HLA-A*24:02,YSAMYEEKVAHTDENIAYLMFHYYTWAVQAYTGY,,1
RFHNIRGRW,HLA-A*24:02,YSAMYEEKVAHTDENIAYLMFHYYTWAVQAYTGY,,1
KKQRFHNIR,HLA-A*24:02,YSAMYEEKVAHTDENIAYLMFHYYTWAVQAYTGY,,1
DLYCYEQF,HLA-A*24:02,YSAMYEEKVAHTDENIAYLMFHYYTWAVQAYTGY,,1
DKKQRFHN,HLA-A*24:02,YSAMYEEKVAHTDENIAYLMFHYYTWAVQAYTGY,,1
VYGTTLEQ,HLA-A*24:02,YSAMYEEKVAHTDENIAYLMFHYYTWAVQAYTGY,,1
KFYSKISEYRH,HLA-A*24:02,YSAMYEEKVAHTDENIAYLMFHYYTWAVQAYTGY,,1
CYSVYGTTLE,HLA-A*24:02,YSAMYEEKVAHTDENIAYLMFHYYTWAVQAYTGY,,1
LCVQSTHVDI,HLA-A*24:02,YSAMYEEKVAHTDENIAYLMFHYYTWAVQAYTGY,,1
YCYSLYGTTLE,HLA-A*24:02,YSAMYEEKVAHTDENIAYLMFHYYTWAVQAYTGY,,1
YSVYGTTL,HLA-A*24:02,YSAMYEEKVAHTDENIAYLMFHYYTWAVQAYTGY,,1
KFYSKISEY,HLA-A*24:02,YSAMYEEKVAHTDENIAYLMFHYYTWAVQAYTGY,,1
VYCKQQLLR,HLA-A*24:02,YSAMYEEKVAHTDENIAYLMFHYYTWAVQAYTGY,,1
KKQRFHNI,HLA-A*24:02,YSAMYEEKVAHTDENIAYLMFHYYTWAVQAYTGY,,1
DKKQRFHNI,HLA-A*24:02,YSAMYEEKVAHTDENIAYLMFHYYTWAVQAYTGY,,1
HLDKKQRFHNI,HLA-A*24:02,YSAMYEEKVAHTDENIAYLMFHYYTWAVQAYTGY,,1
SEYRHYCYSVY,HLA-A*24:02,YSAMYEEKVAHTDENIAYLMFHYYTWAVQAYTGY,,1
VQSTHVDI,HLA-A*24:02,YSAMYEEKVAHTDENIAYLMFHYYTWAVQAYTGY,,1
LIRCINCQKPL,HLA-B*07:02,YYSEYRNIYAQTDESNLYLSYDYYTWAERAYEWY,,1
RPRKLPQL,HLA-B*07:02,YYSEYRNIYAQTDESNLYLSYDYYTWAERAYEWY,,1
RSSRTRRETQL,HLA-B*07:02,YYSEYRNIYAQTDESNLYLSYDYYTWAERAYEWY,,1
RGRWTGRCM,HLA-B*07:02,YYSEYRNIYAQTDESNLYLSYDYYTWAERAYEWY,,1
RPRKLPQLC,HLA-B*07:02,YYSEYRNIYAQTDESNLYLSYDYYTWAERAYEWY,,1
RPRKLPQLCT,HLA-B*07:02,YYSEYRNIYAQTDESNLYLSYDYYTWAERAYEWY,,1
LPQLCTELQT,HLA-B*07:02,YYSEYRNIYAQTDESNLYLSYDYYTWAERAYEWY,,1
RPRKLPQLCTE,HLA-B*07:02,YYSEYRNIYAQTDESNLYLSYDYYTWAERAYEWY,,1
RPTKLPQLCTE,HLA-B*07:02,YYSEYRNIYAQTDESNLYLSYDYYTWAERAYEWY,,1
TPTLHEYM,HLA-B*07:02,YYSEYRNIYAQTDESNLYLSYDYYTWAERAYEWY,,1
RTRRETQL,HLA-B*07:02,YYSEYRNIYAQTDESNLYLSYDYYTWAERAYEWY,,1
LPQLCTEL,HLA-B*07:02,YYSEYRNIYAQTDESNLYLSYDYYTWAERAYEWY,,1
DPQERPRKL,HLA-B*07:02,YYSEYRNIYAQTDESNLYLSYDYYTWAERAYEWY,,1
TPTLHEYML,HLA-B*07:02,YYSEYRNIYAQTDESNLYLSYDYYTWAERAYEWY,,1
RAHYNIVTF,HLA-B*07:02,YYSEYRNIYAQTDESNLYLSYDYYTWAERAYEWY,,1
RCMSCCRSSR,HLA-B*07:02,YYSEYRNIYAQTDESNLYLSYDYYTWAERAYEWY,,1
CPEEKQRHL,HLA-B*07:02,YYSEYRNIYAQTDESNLYLSYDYYTWAERAYEWY,,1
LEQQYNKPL,HLA-B*07:02,YYSEYRNIYAQTDESNLYLSYDYYTWAERAYEWY,,1
KPLCDLLIRCI,HLA-B*07:02,YYSEYRNIYAQTDESNLYLSYDYYTWAERAYEWY,,1
EPDRAHYNIV,HLA-B*07:02,YYSEYRNIYAQTDESNLYLSYDYYTWAERAYEWY,,1
IVYRDGNPYAV,HLA-B*07:02,YYSEYRNIYAQTDESNLYLSYDYYTWAERAYEWY,,1
LMGTLGIVCPI,HLA-B*07:02,YYSEYRNIYAQTDESNLYLSYDYYTWAERAYEWY,,1
LLMGTLGI,HLA-B*07:02,YYSEYRNIYAQTDESNLYLSYDYYTWAERAYEWY,,1
KPLCDLLI,HLA-B*07:02,YYSEYRNIYAQTDESNLYLSYDYYTWAERAYEWY,,1
NIRGRWTGRCM,HLA-B*07:02,YYSEYRNIYAQTDESNLYLSYDYYTWAERAYEWY,,1
CLKFYSKISEY,HLA-B*15:01,YYAMYREISTNTYESNLYLRYDSYTWAEWAYLWY,,1
SEYRHYCYSVY,HLA-B*15:01,YYAMYREISTNTYESNLYLRYDSYTWAEWAYLWY,,1
YRHYCYSVY,HLA-B*15:01,YYAMYREISTNTYESNLYLRYDSYTWAEWAYLWY,,1
SEYRHYCYSLY,HLA-B*15:01,YYAMYREISTNTYESNLYLRYDSYTWAEWAYLWY,,1
LKFYSKISEY,HLA-B*15:01,YYAMYREISTNTYESNLYLRYDSYTWAEWAYLWY,,1
RHYCYSVY,HLA-B*15:01,YYAMYREISTNTYESNLYLRYDSYTWAEWAYLWY,,1
GQAEPDRAHY,HLA-B*15:01,YYAMYREISTNTYESNLYLRYDSYTWAEWAYLWY,,1
AVCDKCLKFY,HLA-B*15:01,YYAMYREISTNTYESNLYLRYDSYTWAEWAYLWY,,1
KISEYRHYCY,HLA-B*15:01,YYAMYREISTNTYESNLYLRYDSYTWAEWAYLWY,,1
LQPETTDLY,HLA-B*15:01,YYAMYREISTNTYESNLYLRYDSYTWAEWAYLWY,,1
RHYCYSLY,HLA-B*15:01,YYAMYREISTNTYESNLYLRYDSYTWAEWAYLWY,,1
FAFRDLCIVY,HLA-B*15:01,YYAMYREISTNTYESNLYLRYDSYTWAEWAYLWY,,1
KQQLLRREVY,HLA-B*15:01,YYAMYREISTNTYESNLYLRYDSYTWAEWAYLWY,,1
YRHYCYSLY,HLA-B*15:01,YYAMYREISTNTYESNLYLRYDSYTWAEWAYLWY,,1
AFRDLCIVY,HLA-B*15:01,YYAMYREISTNTYESNLYLRYDSYTWAEWAYLWY,,1
IVYRDGNPY,HLA-B*15:01,YYAMYREISTNTYESNLYLRYDSYTWAEWAYLWY,,1
LQPETTDLYCY,HLA-B*15:01,YYAMYREISTNTYESNLYLRYDSYTWAEWAYLWY,,1
SVYGTTLEQQY,HLA-B*15:01,YYAMYREISTNTYESNLYLRYDSYTWAEWAYLWY,,1
LLMGTLGIV,HLA-B*15:01,YYAMYREISTNTYESNLYLRYDSYTWAEWAYLWY,,1
CIVYRDGNPY,HLA-B*15:01,YYAMYREISTNTYESNLYLRYDSYTWAEWAYLWY,,1
QQLLRREVY,HLA-B*15:01,YYAMYREISTNTYESNLYLRYDSYTWAEWAYLWY,,1
SLYGTTLEQQY,HLA-B*15:01,YYAMYREISTNTYESNLYLRYDSYTWAEWAYLWY,,1
LCIVYRDGNPY,HLA-B*15:01,YYAMYREISTNTYESNLYLRYDSYTWAEWAYLWY,,1
EYRHYCYSLY,HLA-B*15:01,YYAMYREISTNTYESNLYLRYDSYTWAEWAYLWY,,1
KLPQLCTEL,HLA-B*15:01,YYAMYREISTNTYESNLYLRYDSYTWAEWAYLWY,,1
LLRREVYDFAF,HLA-B*15:01,YYAMYREISTNTYESNLYLRYDSYTWAEWAYLWY,,1
KFYSKISEY,HLA-B*15:01,YYAMYREISTNTYESNLYLRYDSYTWAEWAYLWY,,1
LRREVYDFAF,HLA-B*15:01,YYAMYREISTNTYESNLYLRYDSYTWAEWAYLWY,,1
LLRREVYDF,HLA-B*15:01,YYAMYREISTNTYESNLYLRYDSYTWAEWAYLWY,,1
QQYNKPLCDL,HLA-B*15:01,YYAMYREISTNTYESNLYLRYDSYTWAEWAYLWY,,1
RAHYNIVTF,HLA-B*15:01,YYAMYREISTNTYESNLYLRYDSYTWAEWAYLWY,,1
YAVCDKCLKFY,HLA-B*15:01,YYAMYREISTNTYESNLYLRYDSYTWAEWAYLWY,,1
TLHEYMLDL,HLA-B*15:01,YYAMYREISTNTYESNLYLRYDSYTWAEWAYLWY,,1
QQLLRREVYDF,HLA-B*15:01,YYAMYREISTNTYESNLYLRYDSYTWAEWAYLWY,,1
VYRDGNPY,HLA-B*15:01,YYAMYREISTNTYESNLYLRYDSYTWAEWAYLWY,,1
AGQAEPDRAHY,HLA-B*15:01,YYAMYREISTNTYESNLYLRYDSYTWAEWAYLWY,,1
LQTTIHDII,HLA-B*15:01,YYAMYREISTNTYESNLYLRYDSYTWAEWAYLWY,,1
KQRFHNIRGRW,HLA-B*15:01,YYAMYREISTNTYESNLYLRYDSYTWAEWAYLWY,,1
GQAEPDRAH,HLA-B*15:01,YYAMYREISTNTYESNLYLRYDSYTWAEWAYLWY,,1
YSKISEYRHY,HLA-B*15:01,YYAMYREISTNTYESNLYLRYDSYTWAEWAYLWY,,1
FYSKISEYRHY,HLA-B*15:01,YYAMYREISTNTYESNLYLRYDSYTWAEWAYLWY,,1
CKQQLLRREVY,HLA-B*15:01,YYAMYREISTNTYESNLYLRYDSYTWAEWAYLWY,,1
QLLRREVY,HLA-B*15:01,YYAMYREISTNTYESNLYLRYDSYTWAEWAYLWY,,1
HDIILECVY,HLA-B*15:01,YYAMYREISTNTYESNLYLRYDSYTWAEWAYLWY,,1
TIHDIILECVY,HLA-B*15:01,YYAMYREISTNTYESNLYLRYDSYTWAEWAYLWY,,1
LQPETTDLYC,HLA-B*15:01,YYAMYREISTNTYESNLYLRYDSYTWAEWAYLWY,,1
IVYRDGNPYA,HLA-B*15:01,YYAMYREISTNTYESNLYLRYDSYTWAEWAYLWY,,1
KQRHLDKKQRF,HLA-B*15:01,YYAMYREISTNTYESNLYLRYDSYTWAEWAYLWY,,1
LLMGTLGI,HLA-B*15:01,YYAMYREISTNTYESNLYLRYDSYTWAEWAYLWY,,1
SKISEYRHYCY,HLA-B*15:01,YYAMYREISTNTYESNLYLRYDSYTWAEWAYLWY,,1
RGRWTGRCM,HLA-B*15:01,YYAMYREISTNTYESNLYLRYDSYTWAEWAYLWY,,1
YAVCDKCLKF,HLA-B*15:01,YYAMYREISTNTYESNLYLRYDSYTWAEWAYLWY,,1
GQAEPDRAHYN,HLA-B*15:01,YYAMYREISTNTYESNLYLRYDSYTWAEWAYLWY,,1
AVCDKCLKF,HLA-B*15:01,YYAMYREISTNTYESNLYLRYDSYTWAEWAYLWY,,1
SEYRHYCY,HLA-B*15:01,YYAMYREISTNTYESNLYLRYDSYTWAEWAYLWY,,1
IHDIILECVY,HLA-B*15:01,YYAMYREISTNTYESNLYLRYDSYTWAEWAYLWY,,1
NIRGRWTGRCM,HLA-B*15:01,YYAMYREISTNTYESNLYLRYDSYTWAEWAYLWY,,1
IVYRDGNPYAV,HLA-B*15:01,YYAMYREISTNTYESNLYLRYDSYTWAEWAYLWY,,1
SKISEYRHY,HLA-B*15:01,YYAMYREISTNTYESNLYLRYDSYTWAEWAYLWY,,1
KISEYRHY,HLA-B*15:01,YYAMYREISTNTYESNLYLRYDSYTWAEWAYLWY,,1
LLMGTLGIVC,HLA-B*15:01,YYAMYREISTNTYESNLYLRYDSYTWAEWAYLWY,,1
CQKPLCPEE,HLA-B*15:01,YYAMYREISTNTYESNLYLRYDSYTWAEWAYLWY,,1
QLLRREVYDF,HLA-B*15:01,YYAMYREISTNTYESNLYLRYDSYTWAEWAYLWY,,1
FYSKISEY,HLA-B*15:01,YYAMYREISTNTYESNLYLRYDSYTWAEWAYLWY,,1
LCVQSTHVDI,HLA-B*15:01,YYAMYREISTNTYESNLYLRYDSYTWAEWAYLWY,,1
