HLA_site,HLA,peptide,Length,Mut_pos,label
HLA-A*01:01,YFAMYQENMAHTDANTLYIIYRDYTWVARVYRGY,PSDTRQMLFY,10,2,1
HLA-A*01:01,YFAMYQENMAHTDANTLYIIYRDYTWVARVYRGY,LTDDRLFTCY,10,10,1
HLA-A*01:01,YFAMYQENMAHTDANTLYIIYRDYTWVARVYRGY,YTDFHCQYV,9,5,1
HLA-A*01:01,YFAMYQENMAHTDANTLYIIYRDYTWVARVYRGY,YTDFHCQYVK,10,5,1
HLA-A*01:01,YFAMYQENMAHTDANTLYIIYRDYTWVARVYRGY,FSADIFFFF,9,6,1
HLA-A*01:01,YFAMYQENMAHTDANTLYIIYRDYTWVARVYRGY,HTQGLSPDCY,10,8,1
HLA-A*01:01,YFAMYQENMAHTDANTLYIIYRDYTWVARVYRGY,LSPTLNPIVY,10,2,1
HLA-A*01:01,YFAMYQENMAHTDANTLYIIYRDYTWVARVYRGY,ISGHRSVFWY,10,8,1
HLA-A*01:01,YFAMYQENMAHTDANTLYIIYRDYTWVARVYRGY,KVDPIGHVY,9,1,1
HLA-A*01:01,YFAMYQENMAHTDANTLYIIYRDYTWVARVYRGY,FTNESYLELY,10,3,1
HLA-A*01:01,YFAMYQENMAHTDANTLYIIYRDYTWVARVYRGY,ILDTAGHEEY,10,7,1
HLA-A*01:01,YFAMYQENMAHTDANTLYIIYRDYTWVARVYRGY,LSDGPSMGRY,10,4,1
HLA-A*01:01,YFAMYQENMAHTDANTLYIIYRDYTWVARVYRGY,ATDTNNLNVNY,11,7,1
HLA-A*01:01,YFAMYQENMAHTDANTLYIIYRDYTWVARVYRGY,ISDSLLWKY,9,7,1
HLA-A*01:01,YFAMYQENMAHTDANTLYIIYRDYTWVARVYRGY,YLDGKVVDY,9,6,1
HLA-A*01:01,YFAMYQENMAHTDANTLYIIYRDYTWVARVYRGY,YVDFREYEYY,10,10,1
HLA-A*01:01,YFAMYQENMAHTDANTLYIIYRDYTWVARVYRGY,FLEGNEVGKTY,11,3,1
HLA-A*01:01,YFAMYQENMAHTDANTLYIIYRDYTWVARVYRGY,ILDTAGREEY,10,7,1
HLA-A*02:01,YFAMYGEKVAHTHVDTLYVRYHYYTWAVLAYTWY,YMDGTMSQV,9,3,1
HLA-A*02:01,YFAMYGEKVAHTHVDTLYVRYHYYTWAVLAYTWY,CLNEYHLFL,9,9,1
HLA-A*02:01,YFAMYGEKVAHTHVDTLYVRYHYYTWAVLAYTWY,FLYNLLTRV,9,5,1
HLA-A*02:01,YFAMYGEKVAHTHVDTLYVRYHYYTWAVLAYTWY,IILVAVPHV,9,7,1
HLA-A*02:01,YFAMYGEKVAHTHVDTLYVRYHYYTWAVLAYTWY,KMIGNHLWV,9,1,1
HLA-A*02:01,YFAMYGEKVAHTHVDTLYVRYHYYTWAVLAYTWY,AMFWSVPTV,9,4,1
HLA-A*02:01,YFAMYGEKVAHTHVDTLYVRYHYYTWAVLAYTWY,KLMNIQQKL,9,8,1
HLA-A*02:01,YFAMYGEKVAHTHVDTLYVRYHYYTWAVLAYTWY,QLSCISTYV,9,5,1
HLA-A*02:01,YFAMYGEKVAHTHVDTLYVRYHYYTWAVLAYTWY,HLYASLSRV,9,2,1
HLA-A*02:01,YFAMYGEKVAHTHVDTLYVRYHYYTWAVLAYTWY,MLGEQLFPL,9,5,1
HLA-A*02:01,YFAMYGEKVAHTHVDTLYVRYHYYTWAVLAYTWY,VLLGVKLFGV,10,8,1
HLA-A*02:01,YFAMYGEKVAHTHVDTLYVRYHYYTWAVLAYTWY,TLWCSPIKV,9,2,1
HLA-A*02:01,YFAMYGEKVAHTHVDTLYVRYHYYTWAVLAYTWY,GLLDEDFYA,9,2,1
HLA-A*02:01,YFAMYGEKVAHTHVDTLYVRYHYYTWAVLAYTWY,KLILWRGLK,9,2,1
HLA-A*02:01,YFAMYGEKVAHTHVDTLYVRYHYYTWAVLAYTWY,ALQSRLQAL,9,6,1
HLA-A*02:01,YFAMYGEKVAHTHVDTLYVRYHYYTWAVLAYTWY,KVCCCQILL,9,3,1
HLA-A*02:01,YFAMYGEKVAHTHVDTLYVRYHYYTWAVLAYTWY,ALIHHNTYL,9,8,1
HLA-A*02:01,YFAMYGEKVAHTHVDTLYVRYHYYTWAVLAYTWY,VLENFTIFLV,10,8,1
HLA-A*02:01,YFAMYGEKVAHTHVDTLYVRYHYYTWAVLAYTWY,ILTGLNYEV,9,9,1
HLA-A*02:01,YFAMYGEKVAHTHVDTLYVRYHYYTWAVLAYTWY,FLIYLDVSV,9,3,1
HLA-A*02:01,YFAMYGEKVAHTHVDTLYVRYHYYTWAVLAYTWY,FMPDFDLHL,9,1,1
HLA-A*02:01,YFAMYGEKVAHTHVDTLYVRYHYYTWAVLAYTWY,ALYGFVPVLL,10,5,1
HLA-A*02:01,YFAMYGEKVAHTHVDTLYVRYHYYTWAVLAYTWY,VVMSWAPPV,9,3,1
HLA-A*02:01,YFAMYGEKVAHTHVDTLYVRYHYYTWAVLAYTWY,GLFGDIYLAI,10,2,1
HLA-A*02:01,YFAMYGEKVAHTHVDTLYVRYHYYTWAVLAYTWY,ILNAMIAKI,9,7,1
HLA-A*02:01,YFAMYGEKVAHTHVDTLYVRYHYYTWAVLAYTWY,SLADEAEVYL,10,9,1
HLA-A*02:01,YFAMYGEKVAHTHVDTLYVRYHYYTWAVLAYTWY,YQSLKQFNV,9,2,1
HLA-A*02:01,YFAMYGEKVAHTHVDTLYVRYHYYTWAVLAYTWY,GMYASSYIIL,10,8,1
HLA-A*02:01,YFAMYGEKVAHTHVDTLYVRYHYYTWAVLAYTWY,LIYELYVSEL,10,5,1
HLA-A*02:01,YFAMYGEKVAHTHVDTLYVRYHYYTWAVLAYTWY,MTLKEYHYV,9,4,1
HLA-A*02:01,YFAMYGEKVAHTHVDTLYVRYHYYTWAVLAYTWY,YTLSQCFQL,9,1,1
HLA-A*02:01,YFAMYGEKVAHTHVDTLYVRYHYYTWAVLAYTWY,FLVYGVRPGM,10,4,1
HLA-A*02:01,YFAMYGEKVAHTHVDTLYVRYHYYTWAVLAYTWY,FLPVTDASSV,10,1,1
HLA-A*02:01,YFAMYGEKVAHTHVDTLYVRYHYYTWAVLAYTWY,LLYPHSLSS,9,6,1
HLA-A*02:01,YFAMYGEKVAHTHVDTLYVRYHYYTWAVLAYTWY,AQFKGAWIL,9,3,1
HLA-A*02:01,YFAMYGEKVAHTHVDTLYVRYHYYTWAVLAYTWY,GSLDVLMAV,9,6,1
HLA-A*02:01,YFAMYGEKVAHTHVDTLYVRYHYYTWAVLAYTWY,AVGSYVYSV,9,5,1
HLA-A*02:01,YFAMYGEKVAHTHVDTLYVRYHYYTWAVLAYTWY,ALLETPSLL,9,6,1
HLA-A*02:01,YFAMYGEKVAHTHVDTLYVRYHYYTWAVLAYTWY,ALLETPSLLL,10,6,1
HLA-A*02:01,YFAMYGEKVAHTHVDTLYVRYHYYTWAVLAYTWY,ALDPHSGHFV,10,2,1
HLA-A*02:01,YFAMYGEKVAHTHVDTLYVRYHYYTWAVLAYTWY,NLNCCSVPV,9,4,1
HLA-A*02:01,YFAMYGEKVAHTHVDTLYVRYHYYTWAVLAYTWY,ALSPVIPHI,9,8,1
HLA-A*02:01,YFAMYGEKVAHTHVDTLYVRYHYYTWAVLAYTWY,KLYGLDWAEL,10,2,1
HLA-A*02:01,YFAMYGEKVAHTHVDTLYVRYHYYTWAVLAYTWY,KLFEFLVYGV,10,8,1
HLA-A*02:01,YFAMYGEKVAHTHVDTLYVRYHYYTWAVLAYTWY,ILAALFLGL,9,2,1
HLA-A*02:01,YFAMYGEKVAHTHVDTLYVRYHYYTWAVLAYTWY,QQFAVGSYV,9,8,1
HLA-A*02:01,YFAMYGEKVAHTHVDTLYVRYHYYTWAVLAYTWY,LIIPFIHLI,9,5,1
HLA-A*02:01,YFAMYGEKVAHTHVDTLYVRYHYYTWAVLAYTWY,LLFGMPPCL,9,6,1
HLA-A*02:01,YFAMYGEKVAHTHVDTLYVRYHYYTWAVLAYTWY,KLSHQLVLL,9,6,1
HLA-A*02:01,YFAMYGEKVAHTHVDTLYVRYHYYTWAVLAYTWY,GIICLDYKL,9,7,1
HLA-A*02:01,YFAMYGEKVAHTHVDTLYVRYHYYTWAVLAYTWY,LLLMSTLGI,9,2,1
HLA-A*02:01,YFAMYGEKVAHTHVDTLYVRYHYYTWAVLAYTWY,RVWDIVPTL,9,3,1
HLA-A*02:01,YFAMYGEKVAHTHVDTLYVRYHYYTWAVLAYTWY,GIAARVKNWL,10,7,1
HLA-A*02:01,YFAMYGEKVAHTHVDTLYVRYHYYTWAVLAYTWY,KMIGNHLWV,10,1,1
HLA-A*02:01,YFAMYGEKVAHTHVDTLYVRYHYYTWAVLAYTWY,KLMNIQQKL,10,8,1
HLA-A*02:01,YFAMYGEKVAHTHVDTLYVRYHYYTWAVLAYTWY,QLSCISTYV,10,5,1
HLA-A*02:01,YFAMYGEKVAHTHVDTLYVRYHYYTWAVLAYTWY,FLYNLLTRV,10,5,1
HLA-A*02:01,YFAMYGEKVAHTHVDTLYVRYHYYTWAVLAYTWY,IILVAVPHV,10,7,1
HLA-A*02:01,YFAMYGEKVAHTHVDTLYVRYHYYTWAVLAYTWY,MLGEQLFPL,10,5,1
HLA-A*02:01,YFAMYGEKVAHTHVDTLYVRYHYYTWAVLAYTWY,RQLEVPWPYI,10,7,1
HLA-A*02:01,YFAMYGEKVAHTHVDTLYVRYHYYTWAVLAYTWY,ALGALTVWL,9,9,1
HLA-A*02:01,YFAMYGEKVAHTHVDTLYVRYHYYTWAVLAYTWY,QLCDVMFYL,9,3,1
HLA-A*02:01,YFAMYGEKVAHTHVDTLYVRYHYYTWAVLAYTWY,YLYDRLLRV,9,9,1
HLA-A*02:01,YFAMYGEKVAHTHVDTLYVRYHYYTWAVLAYTWY,YLSNIIPAL,9,4,1
HLA-A*02:01,YFAMYGEKVAHTHVDTLYVRYHYYTWAVLAYTWY,ALDHMFMYFL,10,3,1
HLA-A*02:01,YFAMYGEKVAHTHVDTLYVRYHYYTWAVLAYTWY,ALPPTVYEV,9,9,1
HLA-A*02:01,YFAMYGEKVAHTHVDTLYVRYHYYTWAVLAYTWY,FLDPDLTNI,9,1,1
HLA-A*02:01,YFAMYGEKVAHTHVDTLYVRYHYYTWAVLAYTWY,FLGSLLILV,9,1,1
HLA-A*02:01,YFAMYGEKVAHTHVDTLYVRYHYYTWAVLAYTWY,FLNCDIMLGV,10,4,1
HLA-A*02:01,YFAMYGEKVAHTHVDTLYVRYHYYTWAVLAYTWY,GLYGNLIVL,9,3,1
HLA-A*02:01,YFAMYGEKVAHTHVDTLYVRYHYYTWAVLAYTWY,KAWENFPNV,9,6,1
HLA-A*02:01,YFAMYGEKVAHTHVDTLYVRYHYYTWAVLAYTWY,KLLSFHSV,8,8,1
HLA-A*02:01,YFAMYGEKVAHTHVDTLYVRYHYYTWAVLAYTWY,RVYDALNLL,9,8,1
HLA-A*02:01,YFAMYGEKVAHTHVDTLYVRYHYYTWAVLAYTWY,YLNEAVFNFV,10,6,1
HLA-A*02:01,YFAMYGEKVAHTHVDTLYVRYHYYTWAVLAYTWY,YLYHRVDVI,9,1,1
HLA-A*02:01,YFAMYGEKVAHTHVDTLYVRYHYYTWAVLAYTWY,YQANVVWKV,9,1,1
HLA-A*02:01,YFAMYGEKVAHTHVDTLYVRYHYYTWAVLAYTWY,ALYGFVPVL,9,5,1
HLA-A*02:01,YFAMYGEKVAHTHVDTLYVRYHYYTWAVLAYTWY,ILDKVLVHL,9,9,1
HLA-A*02:01,YFAMYGEKVAHTHVDTLYVRYHYYTWAVLAYTWY,FIASNGVKLV,10,5,1
HLA-A*02:01,YFAMYGEKVAHTHVDTLYVRYHYYTWAVLAYTWY,SLFEGIDIYT,10,5,1
HLA-A*02:01,YFAMYGEKVAHTHVDTLYVRYHYYTWAVLAYTWY,VVPCEPPEV,9,4,1
HLA-A*02:01,YFAMYGEKVAHTHVDTLYVRYHYYTWAVLAYTWY,FLDEFMEGV,9,8,1
HLA-A*02:01,YFAMYGEKVAHTHVDTLYVRYHYYTWAVLAYTWY,GLFGDIYLA,9,2,1
HLA-A*02:01,YFAMYGEKVAHTHVDTLYVRYHYYTWAVLAYTWY,CMWGRLWQL,9,2,1
HLA-A*02:01,YFAMYGEKVAHTHVDTLYVRYHYYTWAVLAYTWY,LLLDDLLVSI,10,6,1
HLA-A*02:01,YFAMYGEKVAHTHVDTLYVRYHYYTWAVLAYTWY,MQLMPFGCLL,10,1,1
HLA-A*02:05,YYAMYGEKVAHTHVDTLYLRYHYYTWAVWAYTWY,RLFPGLTIKI,10,7,1
HLA-A*03:01,YFAMYQENVAQTDVDTLYIIYRDYTWAELAYTWY,WLIRETQPITK,11,10,1
HLA-A*03:01,YFAMYQENVAQTDVDTLYIIYRDYTWAELAYTWY,KLYEEPLLK,9,8,1
HLA-A*03:01,YFAMYQENVAQTDVDTLYIIYRDYTWAELAYTWY,QTYQHMWNY,9,5,1
HLA-A*03:01,YFAMYQENVAQTDVDTLYIIYRDYTWAELAYTWY,FIYKSDFVK,9,7,1
HLA-A*03:01,YFAMYQENVAQTDVDTLYIIYRDYTWAELAYTWY,AINRPTVLK,9,3,1
HLA-A*03:01,YFAMYQENVAQTDVDTLYIIYRDYTWAELAYTWY,ALYFNSQWK,9,6,1
HLA-A*03:01,YFAMYQENVAQTDVDTLYIIYRDYTWAELAYTWY,ATRYNYTSEK,10,10,1
HLA-A*03:01,YFAMYQENVAQTDVDTLYIIYRDYTWAELAYTWY,ATYKGVPYEVK,11,8,1
HLA-A*03:01,YFAMYQENVAQTDVDTLYIIYRDYTWAELAYTWY,HLFDIQGLPK,10,3,1
HLA-A*03:01,YFAMYQENVAQTDVDTLYIIYRDYTWAELAYTWY,ILFRTPSVAK,10,3,1
HLA-A*03:01,YFAMYQENVAQTDVDTLYIIYRDYTWAELAYTWY,KIVEMSTSK,9,7,1
HLA-A*03:01,YFAMYQENVAQTDVDTLYIIYRDYTWAELAYTWY,KIYTGEKPYK,10,3,1
HLA-A*03:01,YFAMYQENVAQTDVDTLYIIYRDYTWAELAYTWY,KLRDEISLAK,10,7,1
HLA-A*03:01,YFAMYQENVAQTDVDTLYIIYRDYTWAELAYTWY,RLFPYALHK,9,3,1
HLA-A*03:01,YFAMYQENVAQTDVDTLYIIYRDYTWAELAYTWY,RTREFTAKK,9,5,1
HLA-A*03:01,YFAMYQENVAQTDVDTLYIIYRDYTWAELAYTWY,KVYEGVWKK,9,1,1
HLA-A*03:01,YFAMYQENVAQTDVDTLYIIYRDYTWAELAYTWY,KILDAVVAQK,10,10,1
HLA-A*03:01,YFAMYQENVAQTDVDTLYIIYRDYTWAELAYTWY,TLDWLLQTPK,10,3,1
HLA-A*03:01,YFAMYQENVAQTDVDTLYIIYRDYTWAELAYTWY,KIFSEVTLK,9,8,1
HLA-A*03:01,YFAMYQENVAQTDVDTLYIIYRDYTWAELAYTWY,KINKNPKYK,9,1,1
HLA-A*11:01,YYAMYQENVAQTDVDTLYIIYRDYTWAAQAYRWY,GTSAPRKKK,9,9,1
HLA-A*11:01,YYAMYQENVAQTDVDTLYIIYRDYTWAAQAYRWY,SVTNEFCLK,9,8,1
HLA-A*11:01,YYAMYQENVAQTDVDTLYIIYRDYTWAAQAYRWY,VQFLSQVLWSR,11,6,1
HLA-A*11:01,YYAMYQENVAQTDVDTLYIIYRDYTWAAQAYRWY,LLLDIVAPK,9,6,1
HLA-A*11:01,YYAMYQENVAQTDVDTLYIIYRDYTWAAQAYRWY,ASNASSAAK,9,5,1
HLA-A*11:01,YYAMYQENVAQTDVDTLYIIYRDYTWAAQAYRWY,CILGKLFTK,9,5,1
HLA-A*11:01,YYAMYQENVAQTDVDTLYIIYRDYTWAAQAYRWY,CILGKLFTKK,10,5,1
HLA-A*11:01,YYAMYQENVAQTDVDTLYIIYRDYTWAAQAYRWY,KTLTSVFQK,9,1,1
HLA-A*11:01,YYAMYQENVAQTDVDTLYIIYRDYTWAAQAYRWY,KTLTSVFQKK,10,1,1
HLA-A*11:01,YYAMYQENVAQTDVDTLYIIYRDYTWAAQAYRWY,CIKTCDNWNK,10,10,1
HLA-A*23:01,YSAMYEEKVAHTDENIAYLMFHYYTWAVLAYTGY,CVFQSNFQEF,10,10,1
HLA-A*24:02,YSAMYEEKVAHTDENIAYLMFHYYTWAVQAYTGY,TYLPSAWNF,9,9,1
HLA-A*24:02,YSAMYEEKVAHTDENIAYLMFHYYTWAVQAYTGY,VYQYTFPDF,9,6,1
HLA-A*24:02,YSAMYEEKVAHTDENIAYLMFHYYTWAVQAYTGY,YYSKNLNSFF,10,9,1
HLA-A*24:02,YSAMYEEKVAHTDENIAYLMFHYYTWAVQAYTGY,TYLPSAWNFF,10,9,1
HLA-A*24:02,YSAMYEEKVAHTDENIAYLMFHYYTWAVQAYTGY,VYQYTFPDFL,10,6,1
HLA-A*24:02,YSAMYEEKVAHTDENIAYLMFHYYTWAVQAYTGY,YYSKNLNSF,9,9,1
HLA-A*24:02,YSAMYEEKVAHTDENIAYLMFHYYTWAVQAYTGY,EYYSKNLNSF,10,10,1
HLA-A*24:02,YSAMYEEKVAHTDENIAYLMFHYYTWAVQAYTGY,RSMRTVYGLF,10,10,1
HLA-A*24:02,YSAMYEEKVAHTDENIAYLMFHYYTWAVQAYTGY,AYHSIEWAI,9,4,1
HLA-A*24:02,YSAMYEEKVAHTDENIAYLMFHYYTWAVQAYTGY,VYCEEYYLF,9,6,1
HLA-A*24:02,YSAMYEEKVAHTDENIAYLMFHYYTWAVQAYTGY,IYKAPCENW,9,6,1
HLA-A*24:02,YSAMYEEKVAHTDENIAYLMFHYYTWAVQAYTGY,SYLDSGIHF,9,9,1
HLA-A*30:02,YSAMYQENVAHTDENTLYIIYEHYTWARLAYTWY,VQIISCQY,8,5,1
HLA-A*30:02,YSAMYQENVAHTDENTLYIIYEHYTWARLAYTWY,VSVQIISCQY,10,7,1
HLA-A*30:02,YSAMYQENVAHTDENTLYIIYEHYTWARLAYTWY,SVQIISCQY,9,6,1
HLA-A*31:01,YTAMYQENVAHIDVDTLYIMYQDYTWAVLAYTWY,CMGGMNLR,8,7,1
HLA-A*32:01,YFAMYQENVAHTDESIAYIMYQDYTWAVLAYTWY,SLVETPNYI,9,4,1
HLA-A*68:01,YYAMYRNNVAQTDVDTLYIMYRDYTWAVWAYTWY,NLLGRNSFK,9,9,1
HLA-A*68:01,YYAMYRNNVAQTDVDTLYIMYRDYTWAVWAYTWY,DTIDVSKLNR,10,7,1
HLA-A*68:01,YYAMYRNNVAQTDVDTLYIMYRDYTWAVWAYTWY,EIIPQCIAR,9,1,1
HLA-A*68:01,YYAMYRNNVAQTDVDTLYIMYRDYTWAVWAYTWY,EAFIQPITR,9,3,1
HLA-A*68:02,YYAMYRNNVAQTDVDTLYIRYHYYTWAVWAYTWY,ETVSEQSNV,9,6,1
HLA-B*07:02,YYSEYRNIYAQTDESNLYLSYDYYTWAERAYEWY,APARLERRHSA,11,2,1
HLA-B*07:02,YYSEYRNIYAQTDESNLYLSYDYYTWAERAYEWY,RVSTLRVSL,9,9,1
HLA-B*07:02,YYSEYRNIYAQTDESNLYLSYDYYTWAERAYEWY,SPMIVGSPW,9,9,1
HLA-B*07:02,YYSEYRNIYAQTDESNLYLSYDYYTWAERAYEWY,KGTQRILAAL,10,7,1
HLA-B*07:02,YYSEYRNIYAQTDESNLYLSYDYYTWAERAYEWY,SPFLSQRVAFL,11,5,1
HLA-B*07:02,YYSEYRNIYAQTDESNLYLSYDYYTWAERAYEWY,KPKKENLWRM,10,8,1
HLA-B*07:02,YYSEYRNIYAQTDESNLYLSYDYYTWAERAYEWY,LPRQYWEAL,9,8,1
HLA-B*07:02,YYSEYRNIYAQTDESNLYLSYDYYTWAERAYEWY,RPQGQRPAL,9,9,1
HLA-B*07:02,YYSEYRNIYAQTDESNLYLSYDYYTWAERAYEWY,CVRVSGQGL,9,1,1
HLA-B*07:02,YYSEYRNIYAQTDESNLYLSYDYYTWAERAYEWY,SPVTEIRTDL,10,9,1
HLA-B*07:02,YYSEYRNIYAQTDESNLYLSYDYYTWAERAYEWY,RVAGSMSSL,9,2,1
HLA-B*07:02,YYSEYRNIYAQTDESNLYLSYDYYTWAERAYEWY,RGRMQTASL,9,4,1
HLA-B*07:02,YYSEYRNIYAQTDESNLYLSYDYYTWAERAYEWY,RPHVPESAF,9,1,1
HLA-B*08:01,YDSEYRNIFTNTDESNLYLSYNYYTWAVDAYTWY,MGKSTHTSM,9,3,1
HLA-B*08:01,YDSEYRNIFTNTDESNLYLSYNYYTWAVDAYTWY,VMKHLLSPL,9,3,1
HLA-B*08:01,YDSEYRNIFTNTDESNLYLSYNYYTWAVDAYTWY,TLWRSFFATL,10,9,1
HLA-B*08:01,YDSEYRNIFTNTDESNLYLSYNYYTWAVDAYTWY,FFFFKTTAL,9,1,1
HLA-B*08:01,YDSEYRNIFTNTDESNLYLSYNYYTWAVDAYTWY,HALRRHYHL,9,9,1
HLA-B*15:01,YYAMYREISTNTYESNLYLRYDSYTWAEWAYLWY,HQKRPIPI,8,5,1
HLA-B*15:01,YYAMYREISTNTYESNLYLRYDSYTWAEWAYLWY,GLGPGFSSY,9,8,1
HLA-B*15:01,YYAMYREISTNTYESNLYLRYDSYTWAEWAYLWY,YQYTFPDF,8,5,1
HLA-B*15:01,YYAMYREISTNTYESNLYLRYDSYTWAEWAYLWY,YQYTFPDFLY,10,5,1
HLA-B*15:01,YYAMYREISTNTYESNLYLRYDSYTWAEWAYLWY,YSKNLNSFF,9,8,1
HLA-B*15:01,YYAMYREISTNTYESNLYLRYDSYTWAEWAYLWY,GQFLTPNSH,9,5,1
HLA-B*15:01,YYAMYREISTNTYESNLYLRYDSYTWAEWAYLWY,YSNYYCGLRY,10,6,1
HLA-B*15:01,YYAMYREISTNTYESNLYLRYDSYTWAEWAYLWY,LLCSSCWDF,9,4,1
HLA-B*15:01,YYAMYREISTNTYESNLYLRYDSYTWAEWAYLWY,VLFEDAVAY,9,9,1
HLA-B*15:01,YYAMYREISTNTYESNLYLRYDSYTWAEWAYLWY,LMKVDPIGHVY,11,3,1
HLA-B*15:17,YYAMYRENMASTYENIAYLRYHDYTWAELAYLWY,KSDFVKHQRI,10,4,1
HLA-B*15:17,YYAMYRENMASTYENIAYLRYHDYTWAELAYLWY,KAFIYKSDFV,10,9,1
HLA-B*18:01,YHSTYRNISTNTYESNLYLRYDSYTWAVLAYTWH,WEAKPSRIL,9,8,1
HLA-B*27:05,YHTEYREICAKTDEDTLYLNYHDYTWAVLAYEWY,GRIAFFLKY,9,6,1
HLA-B*27:05,YHTEYREICAKTDEDTLYLNYHDYTWAVLAYEWY,RRSMLFARH,9,5,1
HLA-B*35:01,YYATYRNIFTNTYESNLYIRYDSYTWAVLAYLWY,FAFQEYDSF,9,6,1
HLA-B*35:01,YYATYRNIFTNTYESNLYIRYDSYTWAVLAYLWY,GPEELGLPM,9,9,1
HLA-B*35:01,YYATYRNIFTNTYESNLYIRYDSYTWAVLAYLWY,MPIEPGDIGC,10,10,1
HLA-B*35:01,YYATYRNIFTNTYESNLYIRYDSYTWAVLAYLWY,TPTVPSSSF,9,7,1
HLA-B*35:01,YYATYRNIFTNTYESNLYIRYDSYTWAVLAYLWY,ELMRDINSM,9,7,1
HLA-B*38:01,YYSEYRNICTNTYENIAYLRYNFYTWAVLTYTWY,YHSIEWAI,8,3,1
HLA-B*38:01,YYSEYRNICTNTYENIAYLRYNFYTWAVLTYTWY,HQNPVTGLLL,10,10,1
HLA-B*38:01,YYSEYRNICTNTYENIAYLRYNFYTWAVLTYTWY,RHDLPPYRVYL,11,10,1
HLA-B*38:01,YYSEYRNICTNTYENIAYLRYNFYTWAVLTYTWY,EHNAYHSIEWAI,12,7,1
HLA-B*38:01,YYSEYRNICTNTYENIAYLRYNFYTWAVLTYTWY,HNAYHSIEWAI,11,6,1
HLA-B*44:02,YYTKYREISTNTYENTAYIRYDDYTWAVDAYLSY,WEAKPSRI,8,8,1
HLA-B*44:02,YYTKYREISTNTYENTAYIRYDDYTWAVDAYLSY,GEEDGAGGHSL,11,11,1
HLA-B*44:02,YYTKYREISTNTYENTAYIRYDDYTWAVDAYLSY,TESPFEQHI,9,2,1
HLA-B*44:02,YYTKYREISTNTYENTAYIRYDDYTWAVDAYLSY,AEYQDMHSY,9,3,1
HLA-B*44:02,YYTKYREISTNTYENTAYIRYDDYTWAVDAYLSY,VEHINISQDW,10,3,1
HLA-B*44:02,YYTKYREISTNTYENTAYIRYDDYTWAVDAYLSY,SELFRSGLDSY,11,7,1
HLA-B*44:02,YYTKYREISTNTYENTAYIRYDDYTWAVDAYLSY,EEKLIVVLF,9,5,1
HLA-B*44:03,YYTKYREISTNTYENTAYIRYDDYTWAVLAYLSY,AEPINIQTW,9,5,1
HLA-B*44:03,YYTKYREISTNTYENTAYIRYDDYTWAVLAYLSY,KELEGILLL,9,9,1
HLA-B*51:01,YYATYRNIFTNTYENIAYWTYNYYTWAELAYLWH,DANSFLQSV,9,4,1
HLA-B*57:01,YYAMYGENMASTYENIAYIVYDSYTWAVLAYLWY,KSFKEIKLW,9,5,1
HLA-C*02:02,YYAGYREKYRQTDVNKLYLRYDSYTWAEWAYEWY,HSKNCCLYVF,10,5,1
HLA-C*03:03,YYAGYREKYRQTDVSNLYIRYDYYTWAELAYLWY,FVVPYMIYLL,10,1,1
HLA-C*03:04,YYAGYREKYRQTDVSNLYIRYDYYTWAELAYLWY,GAAGVGKSAL,10,3,1
HLA-C*05:01,YYAGYREKYRQTDVNKLYLRYNFYTWAERAYTWY,GSDIMSFVI,9,9,1
HLA-C*05:01,YYAGYREKYRQTDVNKLYLRYNFYTWAERAYTWY,KVDPIGHVYIF,11,1,1
HLA-C*05:01,YYAGYREKYRQTDVNKLYLRYNFYTWAERAYTWY,KTDTGVHATL,10,4,1
HLA-C*06:02,YDSGYREKYRQADVNKLYLWYDSYTWAEWAYTWY,VRINTARPV,9,9,1
HLA-C*06:02,YDSGYREKYRQADVNKLYLWYDSYTWAEWAYTWY,FRSGLDSYV,11,4,1
HLA-C*07:01,YDSGYRENYRQADVSNLYLRYDSYTLAALAYTWY,TRSSGSHFVF,10,8,1
HLA-C*07:01,YDSGYRENYRQADVSNLYLRYDSYTLAALAYTWY,ATLVAAFTL,9,2,1
HLA-C*07:01,YDSGYRENYRQADVSNLYLRYDSYTLAALAYTWY,FQYHSLNVI,9,7,1
HLA-C*12:03,YYAGYREKYRQADVSNLYLWYDSYTWAEWAYTWY,QEFENIKSY,9,9,1
HLA-C*12:03,YYAGYREKYRQADVSNLYLWYDSYTWAEWAYTWY,NAYHSIEWAI,10,5,1
HLA-C*14:02,YSAGYREKYRQTDVSNLYLWFDSYTWAERAYTWY,SYMIMEIEL,9,2,1
HLA-C*16:01,YYAGYREKYRQTDVSNLYLWYDSYTWAAQAYTWY,SSSKAPLPSL,10,7,1
