patient_id,median,count,var,OS in days,PFS (RECIST 1.1) in days,PFS (mRECIST 1.1) in days,2-factor score,5-factor score,Age,Albumin < 4,Alive Status,Baseline neutrophil to lymphocyte ratio,Bellmunt Score,Best Response RECIST 1.1,Best response mRECIST,ECOG >0,Hb < 10,Liver Mets,Number of chemo regimens for mestatic disease,Number of chemo regimens total,Number of systemic regimens total,Number of sytemic regimens for metastatic disease,Ongoing Responder RECIST 1.1,PD-L1,Pack Years,"Previous perioperative chemotherapy, with first progression Â²12 months",Prior BCG,Sequence Path,Sex,Site of Primary Tumor,Smoking,Still on Treatment,TFLC  < 3mo,Time from Diagnosis with Metastatic Disease (months),Time on Treatment,Time since last chemotherapy,Timing of Sample (days prior to C1D1),Unnamed: 37,Unnamed: 38,Unnamed: 39,Unnamed: 40,Unnamed: 41,Unnamed: 42,Variant Histology,Visceral Mets,bam_id_dna_normal,bam_id_dna_tumor,bam_id_rna_tumor,benefit,deceased,hla_allele_list,is_benefit,is_benefit_os,is_deceased,is_late_deceased,is_progressed,is_progressed_or_deceased,os,pfs,progressed,progressed_or_deceased,sample_id_dna_normal,sample_id_dna_tumor,sample_id_rna_tumor,group
1849,0.982341855,30,0.061569604,468,265,265,,3,69,1,N,6.67,2,SD,SD,1,1,0,2,3,4,3,N,IC2,100,N,N,RC,M,B,Y,N,0,34,261,315,1415,,,,,,,Y,1,86571f2050fa4a9bb0d57abbda04f200,42a2666f754a41d59af5ce74581eac3d,gerald_H5NKVBBXX_7_CGCTCATT-TATAGCCT,TRUE,TRUE,"[A*11:01, A*01:01, B*50:01, B*35:25, C*04:01, C*06:02]",TRUE,TRUE,TRUE,TRUE,TRUE,TRUE,468,265,TRUE,TRUE,1849_S10-56583 6_7L,M1502390,M1502435,Response
40,0.97648495,289,0.044989289,24,20,20,,3,71,0,N,2.22,2,Only scanned baseline,Only scanned at baseline,1,0,1,3,3,3,3,N,IC0,15,N,Y,TURBT,M,B,Y,N,1,22,0,87,18,,,,,,,N,1,41f31e9f603545c1bf8c7bed970707da,a77139d21e2241048b2fdcefb8c9c55c,gerald_H5NKVBBXX_6_TCCGCGAA-TATAGCCT,FALSE,TRUE,"[A*02:01, A*32:01, B*53:01, B*18:01, C*07:01, C*04:01]",FALSE,FALSE,TRUE,FALSE,TRUE,TRUE,24,20,TRUE,TRUE,0040_S14-38354,M1502385,M1502431,Non-Response
471,0.9560064,157,0.106205938,329,61,187,,1,68,0,N,4.25,1,PD,SD,1,0,0,0,1,2,1,N,IC0,0,N,N,RC,M,B,N,N,0,5,210,416,601,,,,,,,N,1,b7784df09aca4eaa9c21ac12385d816a,fad31e86c1ec41f3895fddbc7d9226ce,gerald_H5NKVBBXX_6_AGCGATAG-TATAGCCT,FALSE,TRUE,"[A*02:01, A*68:01, B*35:03, B*51:01, C*14:02, C*04:01]",FALSE,FALSE,TRUE,TRUE,TRUE,TRUE,329,61,TRUE,TRUE,0471_SYS12-10161,M1502382,M1502429,Non-Response
522,0.869903125,10,0.106025949,76,58,58,,2,46,0,N,4.37,2,PD,PD,1,0,1,1,1,1,1,N,IC1,60,N,Y,LN dissection,M,B,Y,N,0,11,42,231,169,,,,,,,Y,1,c43a3f07fec840568875366dc7ccdb9c,f9691ca345654958aa29dfad35652644,gerald_H5NKVBBXX_5_CGCTCATT-ATAGAGGC,FALSE,TRUE,"[A*24:02, A*30:01, B*57:01, B*52:01, C*12:02, C*06:02]",FALSE,FALSE,TRUE,FALSE,TRUE,TRUE,76,58,TRUE,TRUE,0522_OSH: SP14-6779,M1502366,M1502439,Non-Response
1249,0.98491525,18,0.043687689,54,41,41,,4,78,0,N,1.53,3,Only scanned at baseline,Only scanned at baseline,1,1,1,1,1,1,1,N,IC2,0,N,N,RC,F,B,N,N,1,5,31,26,141,,,,,,,N,1,c6da2e21f5574acd9118e5866147bf63,dd8bd791bc9e4632a326e61531377627,gerald_H5NKVBBXX_5_TCCGGAGA-TATAGCCT,FALSE,TRUE,"[A*03:01, A*68:01, B*35:01, B*44:02, C*05:01, C*04:01]",FALSE,FALSE,TRUE,FALSE,TRUE,TRUE,54,41,TRUE,TRUE,1249_S14-22404,M1502367,M1502412,Non-Response
1994,0.97732306,3,0.021434889,403,121,121,,1,81,0,N,7.4,1,SD,SD,1,0,0,1,2,2,1,N,IC0,0,N,N,RC,F,B,N,N,0,13,161,351,652,,,,,,,Y,1,56f224819b0b42ff92722a2d1f38e7b8,f549d023f5b54657b842919210c0c58d,gerald_H5NKVBBXX_7_GAGATTCC-TATAGCCT,FALSE,TRUE,"[A*03:01, A*03:01, B*07:02, B*07:02, C*07:02, C*07:02]",FALSE,TRUE,TRUE,TRUE,TRUE,TRUE,403,121,TRUE,TRUE,1994_S12-48509 4_7L,M1502381,M1502428,Response
2131,0.97997175,206,0.04278284,630,560,560,,1,61,0,Y,1.68,1,CR,CR,1,0,0,1,1,1,1,Y,IC2,0,N,N,TURBT,M,B,N,Y,0,7,630,98,227,,,,,,,N,0,50416ee62692420caea36f08f908c355,492e4b0554a543be909d32ea3a8223ff,gerald_H5NKVBBXX_7_TCCGGAGA-CCTATCCT,TRUE,FALSE,"[A*02:01, A*02:01, B*27:02, B*08:01, C*07:01, C*02:02]",TRUE,TRUE,FALSE,TRUE,FALSE,FALSE,630,560,FALSE,FALSE,2131_S14-11099 2_2 GU,M1502376,M1502421,Response
2278,0.9041347,1,,702,655,655,,1,62,0,Y,2.71,1,CR,CR,1,0,0,0,1,2,0,Y,IC1,0,Y,N,RC,M,B,N,Y,0,3,702,348,314,,,,,,,N,0,cdd4327eb8284aa5907aae82992b17c7,a994cc1b56604ddba0ce2cd7e786cfc8,gerald_H5NKVBBXX_7_ATTCAGAA-TATAGCCT,TRUE,FALSE,"[A*24:02, A*02:01, B*27:02, B*14:02, C*08:02, C*02:02]",TRUE,TRUE,FALSE,TRUE,FALSE,FALSE,702,655,FALSE,FALSE,2278_S13-47848 7_9PV,M1502383,M1502430,Response
2389,0.930888,73,0.123441312,651,646,646,1,,66,0,Y,3.13,,CR,CR,1,0,0,0,0,0,0,Y,IC2,10,N,N,NephroU,M,UT,Y,Y,,1,651,,176,,,,,,,N,0,a01c6d02c207434283de99921fafd3a8,9ef020c408684a5e90ffbec62001a72f,gerald_H5NKVBBXX_7_GAATTCGT-TATAGCCT,TRUE,FALSE,"[A*24:02, A*01:01, B*38:01, B*40:01, C*12:03, C*03:04]",TRUE,TRUE,FALSE,TRUE,FALSE,FALSE,651,646,FALSE,FALSE,2389_S14-26091,M1502371,M1502416,Response
2849,0.99077873,306,0.026437217,586,75,75,,1,59,0,N,9.67,1,PD,PD,1,0,0,1,1,1,1,N,IC1,10,N,N,Prostate Bx,M,B,Y,N,0,2,301,317,621,,,,,,,Y,1,ffaac7dd973042b1ae868ccff9e21d94,065b7b20a9714d289eff785ff3979532,gerald_H5NKVBBXX_7_CTGAAGCT-TATAGCCT,FALSE,TRUE,"[A*02:01, A*03:01, B*07:02, B*27:05, C*07:02, C*01:02]",FALSE,TRUE,TRUE,TRUE,TRUE,TRUE,586,75,TRUE,TRUE,2849_S12-59715-1,M1502380,M1502427,Non-Response
2937,0.54643705,96,0.152256429,44,37,37,,4,73,1,N,4.06,2,SD,SD,1,0,1,2,3,3,2,N,IC2,32,N,Y,TURBT,M,B,Y,N,1,17,21,77,3344,,,,,,,N,1,ad1e7c2ce3b54b498b101546688526f1,15e69e4afe2b4165b830216ec742f9e8,gerald_H5NKVBBXX_4_TAATGCGC-TATAGCCT,FALSE,TRUE,"[A*32:01, A*23:01, B*35:03, B*18:01, C*12:03, C*04:01]",FALSE,FALSE,TRUE,FALSE,TRUE,TRUE,44,37,TRUE,TRUE,2937_S05-29839 1_1,M1502373,M1502418,Non-Response
3529,0.74113774,65,0.138640815,182,64,64,,1,72,0,N,3,1,PD ,PD,1,0,0,1,1,1,1,N,IC1,40,N,Y,RC,M,B,Y,N,0,2,108,960,896,,,,,,,N,1,ac137187664f496ca6270eed8e78629d,acbba8d01a6d4930b6c12b44015625ee,gerald_H5NKVBBXX_4_CGGCTATG-TATAGCCT,FALSE,TRUE,"[A*24:02, A*02:05, B*50:02, B*50:01, C*06:02, C*06:02]",FALSE,FALSE,TRUE,TRUE,TRUE,TRUE,182,64,TRUE,TRUE,3529_S12-3955 4_10_F3,M1502379,M1502426,Non-Response
5037,0.768965815,318,0.115488805,610,561,561,,2,60,0,Y,4.1,1,CR,CR,1,0,0,2,2,2,2,Y,IC2,0,N,N,NephroU,M,UT,N,Y,1,27,610,70,943,,,,,,,Y,0,cb5a0577237548c387c7323cedc1d0d3,976af08f8e4f4ab280c7c0e08778df4a,gerald_H5NKVBBXX_5_ATTACTCG-ATAGAGGC,TRUE,FALSE,"[A*26:01, A*02:02, B*38:01, B*40:02, C*12:03, C*02:02]",TRUE,TRUE,FALSE,TRUE,FALSE,FALSE,610,561,FALSE,FALSE,5037_S12-16630 1_2 TSF,M1502391,M1502436,Response
5122,0.81959155,226,0.117257464,700,565,565,,2,73,0,Y,5,2,PR,PR,1,0,1,0,1,1,0,Y,IC2,45,Y,Y,RC,M,B,Y,N,0,8,588,149,519,,,,,,,Y,1,825ce44ad842442581f90eff9d5e897c,b35be15c0e7e472abf1386a783d24d42,gerald_H5NKVBBXX_5_TCCGGAGA-ATAGAGGC,TRUE,FALSE,"[A*24:02, A*32:01, B*55:01, B*38:01, C*12:03, C*03:03]",TRUE,TRUE,FALSE,TRUE,FALSE,FALSE,700,565,FALSE,FALSE,"5122_S13-9876, 3_8L",M1502384,M1502440,Response
5338,0.98693445,24,0.044419863,266,67,67,,2,62,0,N,8.18,2,PD,PD,1,0,1,1,1,1,1,N,IC1,45,N,N,RC,M,B,Y,N,0,2,47,626,553,,,,,,,N,1,a21c86beb3324af8bd2578ea9415d2c3,65c272ab8d38462b904283603b252511,gerald_H5NKVBBXX_7_GAGATTCC-ATAGAGGC,FALSE,TRUE,"[A*24:02, A*02:01, B*40:02, B*40:01, C*03:04, C*02:02]",FALSE,FALSE,TRUE,TRUE,TRUE,TRUE,266,67,TRUE,TRUE,5338_S13-10376 3-4L,M1502388,M1502434,Non-Response
6229,0.97939965,8,0.01632413,652,252,252,,1,57,0,Y,2,1,CR,CR,1,0,0,0,1,1,0,N,IC1,0,Y,N,TURBT,M,B,N,N,0,0,317,182,355,,,,,,,Y,0,81e1b193774c4cbfa9246ee99e8f8bcf,ae5b848084184c3b9b7b006f5204c93f,gerald_H5NKVBBXX_5_ATTCAGAA-ATAGAGGC,TRUE,FALSE,"[A*32:01, A*30:01, B*35:02, B*13:02, C*06:02, C*04:01]",TRUE,TRUE,FALSE,TRUE,TRUE,TRUE,652,252,TRUE,TRUE,6229_S15-50380,M1502368,M1502413,Response
6800,0.95391494,87,0.1115904,651,650,650,1,,74,1,Y,4.09,,SD,SD,1,0,0,0,0,0,0,Y,IC1,60,N,Y,TURBT,M,B,Y,Y,,4,651,,710,,,,,,,Y,0,87e765c9b4de44a4a561d22365f5885a,949a7804465b4059b2155849451a56de,gerald_H5NKVBBXX_4_CTGAAGCT-ATAGAGGC,TRUE,FALSE,"[A*69:01, A*03:01, B*35:01, B*14:02, C*04:01, C*08:02]",TRUE,TRUE,FALSE,TRUE,FALSE,FALSE,651,650,FALSE,FALSE,6800_OSH: TS-12-14437,M1502389,M1502441,Response
9517,0.8972219,151,0.12796512,331,121,178,,1,80,0,N,3.92,1,SD,SD,1,0,0,1,1,1,1,N,IC0,0,N,Y,TURBT,M,B,N,N,0,14,191,280,108,,,,,,,N,1,749e056d9b2a48d4be82ecac7f328498,9dee3c512e2e44fb8d05a33265830e2d,gerald_H5NKVBBXX_4_TCTCGCGC-ATAGAGGC,FALSE,TRUE,"[A*01:01, A*03:01, B*35:01, B*38:01, C*12:03, C*04:01]",FALSE,FALSE,TRUE,TRUE,TRUE,TRUE,331,121,TRUE,TRUE,9517_S14-30425 1_1 GU,M1502369,M1502414,Non-Response
